studyID,study.name,unique.site.id,site.name,year,region,nat.invas,dist.code,duration,AbunSlope,AbunSD,HADMinSlope,HADMinsd,HADMaxSlope,HADMaxsd,AirMinSlope,AirMinsd,AirMaxSlope,AirMaxsd,fdur,sign,sig,newdur,dur.bin,NormAbunResid,NormSSTMaxResid
1,quinn,1.01,clarke head,2015,nw.atl,i,mid,10,-0.156651936,0.064836564,0.086079518,0.033567495,0.021352579,0.04181945,0.0386289,0.080459284,0.070908593,0.027775389,10,0.020336049,0.5,2,"[10,20)",-0.592339222,-1.538496668
2,yakimishyn,2.07,Effingham,2015,ne.pac,i,mid,5,-0.252376866,0.121893415,0.003085709,0.054654276,-0.548153185,0.041496531,-0.355555556,0.169306726,-0.000740741,0.039331761,5,0.048836078,0.5,2,"[0,10)",-0.784482562,-2.682417299
2,yakimishyn,2.13,Hand Island,2015,ne.pac,i,mid,4,-0.076996665,0.557749663,0.380476904,0.041415431,-0.479242369,0.025177845,-1.518333333,0.113275158,-0.019444444,0.02782896,4,-0.3051562,1,1,"[0,10)",-0.25750622,-2.402987399
2,yakimishyn,2.19,Jaques-Jarvis Lagoon,2015,ne.pac,i,mid,5,-0.133633678,0.20314797,-0.220321696,0.018728191,-0.249576531,0.016878653,0.156099585,0.04902528,0.104896266,0.00947118,5,-0.023411138,1,2,"[0,10)",-0.433582327,-1.471703956
2,yakimishyn,2.22,Joe's Bay,2015,ne.pac,i,mid,5,-0.578882573,0.250922369,0.26241251,0.030047922,-0.633161795,0.017055545,-1.091431925,0.089049423,-0.073591549,0.019999962,5,0.272142998,0.5,2,"[0,10)",-1.749345736,-3.027122945
2,yakimishyn,2.24,Nettle,2015,ne.pac,i,mid,4,0.718497542,0.000239699,1.45E-15,3.36E-78,0,0,7.25E-16,5.80E-79,2.90E-15,2.31E-78,4,0.51623866,0.5,1,"[0,10)",2.016387062,-0.459683652
2,yakimishyn,2.26,Turret,2015,ne.pac,i,mid,5,-0.194367515,0.327933237,0.060844827,0.044871733,-0.542554859,0.032171452,-0.512195122,0.139623016,0.070034843,0.042023968,5,-0.069761477,1,2,"[0,10)",-0.613058034,-2.659716368
3,burrows,3.19,Kilmory,2002,ne.atl,n,mid,9,-0.091013764,0.176147104,-0.069673665,0.041216057,-0.017003521,0.098323403,-0.155,0.104510069,-0.008333333,0.104327653,9,-0.022744297,1,2,"[0,10)",-0.351401749,-0.528632076
3,burrows,3.22,Shallach,2009,ne.atl,n,mid,9,-0.046760065,0.1430479,-0.061794177,0.035255052,0.011225734,0.111102991,-0.090968801,0.115683455,0.033004926,0.097828014,9,-0.018276198,1,2,"[0,10)",-0.202021864,-0.414163864
3,burrows,3.25,Tayinloa,2002,ne.atl,n,mid,9,-7.77E-15,0.103513636,-0.069673665,0.041216057,-0.017003521,0.098323403,-0.155,0.104510069,-0.008333333,0.104327653,9,-0.010715073,1,2,"[0,10)",-0.044181654,-0.528632076
3,burrows,3.03,Ardtoe,2009,ne.atl,n,mid,10,0.181341738,0.14157287,-0.080526831,0.034939936,0.003277723,0.087245891,-0.039166667,0.097829115,0.042083333,0.069529135,10,0.012841948,0.5,2,"[10,20)",0.587147382,-1.840722527
3,burrows,3.05,Caolispo,2002,ne.atl,n,mid,10,0.148374444,0.109788461,-0.079430231,0.03732994,-0.00422297,0.088115296,-0.114264706,0.094803681,0.048529412,0.078293953,10,0.009961469,0.5,2,"[10,20)",0.472102383,-1.966140034
3,burrows,3.06,Carradal,2002,ne.atl,n,mid,10,-0.078093677,0.091355874,-0.08010762,0.033426342,-0.001558437,0.078940211,-0.074545455,0.10350337,0.029090909,0.09107258,10,-0.002247273,1,2,"[10,20)",-0.318196771,-1.921586939
3,burrows,3.07,ChilMhal,2009,ne.atl,n,mid,10,0.017082981,0.125304119,-0.081313492,0.032222739,0.005322821,0.080469033,-0.035151515,0.09756164,0.045454545,0.077367144,10,-0.015409294,1,2,"[10,20)",0.013938418,-1.806526874
3,burrows,3.08,Crinan,2009,ne.atl,n,mid,10,0.000613035,0.098318221,-0.081313492,0.032222739,0.005322821,0.080469033,-0.06969697,0.093810273,0.006666667,0.075652048,10,-0.009666097,1,2,"[10,20)",-0.043536269,-1.806526874
3,burrows,3.09,Davaar,2002,ne.atl,n,mid,10,-0.099190456,0.129118333,-0.08010762,0.033426342,-0.001558437,0.078940211,-0.078181818,0.105749327,0.012727273,0.088005134,10,-0.006832797,1,2,"[10,20)",-0.391817582,-1.921586939
3,burrows,3.11,Dunstaff,2009,ne.atl,n,mid,10,0.032960957,0.029506257,-0.081313492,0.032222739,0.005322821,0.080469033,-0.066060606,0.101660231,0.047878788,0.083410983,10,0.000215805,0.5,2,"[10,20)",0.069347325,-1.806526874
3,burrows,3.14,Ganavan,2009,ne.atl,n,mid,10,0.211411898,0.113874935,-0.081313492,0.032222739,0.005322821,0.080469033,-0.066060606,0.101660231,0.047878788,0.083410983,10,0.03172749,0.5,2,"[10,20)",0.692082336,-1.806526874
3,burrows,3.16,Glenuig,2009,ne.atl,n,mid,10,0.111878356,0.109601023,-0.081522515,0.02938606,0.003453185,0.073420488,-0.027628866,0.086367145,0.004536082,0.070799752,10,0.000504382,0.5,2,"[10,20)",0.344743056,-1.837788664
3,burrows,3.17,Gruinard,2009,ne.atl,n,mid,10,0.365700177,0.462494637,-0.075685357,0.032730948,0.021322615,0.07432268,-0.006666667,0.091098792,0.044848485,0.082481041,10,-0.08016467,1,2,"[10,20)",1.230497615,-1.53899769
3,burrows,3.21,MellonCh,2009,ne.atl,n,mid,10,0.225933724,0.132842616,-0.075685357,0.032730948,0.021322615,0.07432268,-0.016969697,0.080342472,0.030909091,0.073135219,10,0.033398887,0.5,2,"[10,20)",0.742758726,-1.53899769
3,burrows,3.26,Torridon,2009,ne.atl,n,mid,10,0.134010375,0.111941099,-0.075685357,0.032730948,0.021322615,0.07432268,-0.016969697,0.080342472,0.030909091,0.073135219,10,0.005427971,0.5,2,"[10,20)",0.421976513,-1.53899769
3,burrows,3.27,Tralee,2009,ne.atl,n,mid,10,-0.067090964,0.110267678,-0.081313492,0.032222739,0.005322821,0.080469033,-0.066060606,0.101660231,0.047878788,0.083410983,10,-0.007657763,1,2,"[10,20)",-0.279800927,-1.806526874
4,yamada,4.01,coos,2018,ne.pac,i,mid,17,0.229425827,0.057181036,0.071298695,0.031817934,-0.056055836,0.034025907,-0.015441176,0.065483023,0.061764706,0.029152452,17,0.049366539,0.5,3,"[10,20)",0.952815038,-2.832826465
4,yamada,4.02,yaquina,2018,ne.pac,i,mid,17,0.235011627,0.052884487,0.071136947,0.032172703,-0.043670252,0.032376295,-0.029166667,0.062937785,0.049754902,0.028236244,17,0.052433696,0.5,3,"[10,20)",0.977416624,-2.625729725
4,yamada,4.06,willapa,2007,ne.pac,i,mid,17,0.119450792,0.070150363,0.071266607,0.036357634,-0.020323129,0.03323005,-0.042647059,0.064291977,0.05,0.030999622,17,0.009347418,0.5,3,"[10,20)",0.468451068,-2.2353474
5,bloch,5.01,Sandwich,2012,nw.atl,i,mid,15,0.043980505,0.022975583,-0.016916012,0.060564992,0.025097758,0.044754194,0.132142857,0.137075733,-0.004285714,0.047660056,15,0.001406407,0.5,3,"[10,20)",0.12730222,-1.475874319
7,wilkinson,7.168,"[1,1.5) [52,52.5)",1986,ne.atl,n,mid,7,0.022346779,0.263408372,-0.144772625,0.07211635,-0.165762617,0.057948139,0.037204969,0.200070262,0.233354037,0.058377416,7,-0.068884592,1,2,"[0,10)",0.029239875,-1.131842742
7,wilkinson,7.25,"[-2,-1.5) [55,55.5)",1992,ne.atl,n,mid,7,0.028943663,0.022771202,-0.274794051,0.007597766,-0.092315912,0.017688752,0.36422954,0.019716833,0.112066847,0.033336199,7,0.000319208,0.5,2,"[0,10)",0.050075071,-0.83402004
7,wilkinson,7.146,"[-7,-6.5) [58,58.5)",1982,ne.atl,n,mid,16,0.081234252,0.052912022,0.007090964,0.009597616,-0.004753979,0.01346444,0.143109801,0.017328805,0.004716286,0.0160038,16,0.003799322,0.5,3,"[10,20)",0.290317208,-1.975018924
7,wilkinson,7.166,"[1,1.5) [51,51.5)",1986,ne.atl,n,mid,13,-0.052269819,0.062582096,0.039287898,0.033405876,-0.022646402,0.02174959,0.609631902,0.053830446,0.151314636,0.030140384,13,-0.001184385,1,3,"[10,20)",-0.252007183,-2.274194359
7,wilkinson,7.23,"[-2,-1.5) [50.5,51)",1986,ne.atl,n,mid,12,0.095212026,0.038997684,0.018481317,0.050722485,0.06118662,0.065468518,0.411840745,0.17985517,0.19663909,0.061939659,12,0.007544511,0.5,2,"[10,20)",0.306291046,-0.872440061
7,wilkinson,7.69,"[-4,-3.5) [50.5,51)",1992,ne.atl,n,mid,10,-0.315761654,0.069845124,0.03013522,0.02660227,0.093099787,0.050768303,0.322799485,0.085026034,-0.15633319,0.062663149,10,0.094827081,0.5,2,"[10,20)",-1.147579735,-0.33882672
7,wilkinson,7.85,"[-4.5,-4) [53,53.5)",1992,ne.atl,n,mid,16,0.091632184,0.022661161,0.030527627,0.005203474,0.024153765,0.004346347,0.08812421,0.015121814,0.036561621,0.011083028,16,0.007882929,0.5,3,"[10,20)",0.334615073,-1.491658627
7,wilkinson,7.106,"[-5.5,-5) [50,50.5)",1986,ne.atl,n,mid,21,0.065756679,0.039567943,0.077504529,0.007708906,0.029411942,0.020155916,0.080454667,0.033304638,-0.025959438,0.023859257,21,0.002758319,0.5,3,"[20,30)",0.264966665,-0.724161229
7,wilkinson,7.114,"[-5.5,-5) [56,56.5)",1988,ne.atl,n,mid,27,0.117631362,0.038500082,-0.022104204,0.011546187,0.008516463,0.007352111,0.149179426,0.016454152,0.040900339,0.016147781,27,0.012354881,0.5,3,"[20,30)",0.642081096,-0.904404223
7,wilkinson,7.115,"[-5.5,-5) [56.5,57)",1976,ne.atl,n,mid,22,0.174437813,0.047532783,0.016837031,0.003766905,0.012858768,0.003304297,0.100905861,0.024204781,0.007511101,0.021130911,22,0.028169185,0.5,3,"[20,30)",0.839176964,-0.866947793
7,wilkinson,7.116,"[-5.5,-5) [57,57.5)",1988,ne.atl,n,mid,22,0.116533435,0.097730731,-0.010667866,0.023772417,-0.007590899,0.018456704,0.137619048,0.04805919,-0.030095238,0.030693781,22,0.004028746,0.5,3,"[20,30)",0.538016048,-1.043345243
7,wilkinson,7.118,"[-5.5,-5) [58,58.5)",1988,ne.atl,n,mid,25,0.137273896,0.035384688,0.00997077,0.008815601,-0.01301303,0.007139586,0.143635336,0.016777599,-0.005923066,0.018599619,25,0.017592046,0.5,3,"[20,30)",0.713645315,-1.090116179
7,wilkinson,7.12,"[-1.5,-1) [50.5,51)",1986,ne.atl,n,mid,24,-0.071189465,0.046697661,0.061386578,0.014036916,-0.00253261,0.017577105,0.071459832,0.055365006,0.055590772,0.026667178,24,0.002887268,0.5,3,"[20,30)",-0.468475115,-0.999712782
7,wilkinson,7.128,"[-6,-5.5) [56.5,57)",1988,ne.atl,n,mid,28,0.096175168,0.009976701,0.010120782,0.004680475,0.011314155,0.006230871,0.174040971,0.020746712,-0.010798382,0.012401212,28,0.009150128,0.5,3,"[20,30)",0.527555833,-0.88027152
7,wilkinson,7.129,"[-6,-5.5) [57,57.5)",1977,ne.atl,n,mid,28,0.225482218,0.051699603,-0.027955058,0.010860926,-0.025769926,0.008666199,0.093465457,0.016759315,0.006454951,0.012749056,28,0.048169382,0.5,3,"[20,30)",1.348589177,-1.200156305
7,wilkinson,7.13,"[-6,-5.5) [57.5,58)",1965,ne.atl,n,mid,27,0.110877397,0.037923836,0.009123604,0.005285247,0.016695075,0.004772443,0.059691962,0.014823823,0.067442719,0.005967755,27,0.01085558,0.5,3,"[20,30)",0.600599495,-0.833856067
7,wilkinson,7.33,"[-2.5,-2) [50.5,51)",1993,ne.atl,n,mid,20,0.011182139,0.072876637,-0.075992246,0.037630092,-0.017841871,0.026957675,0.163317757,0.083138706,-0.087772586,0.039505939,20,-0.005185964,1,3,"[20,30)",-0.009278422,-1.131769437
7,wilkinson,7.41,"[-3,-2.5) [50.5,51)",1976,ne.atl,n,mid,23,-0.103436761,0.011499182,-0.056351104,0.007137837,0.004116959,0.017703554,0.185237008,0.017868086,0.063236465,0.037652379,23,0.010566932,0.5,3,"[20,30)",-0.626542106,-0.942354048
7,wilkinson,7.55,"[-3.5,-3) [50.5,51)",1992,ne.atl,n,mid,22,-0.230733585,0.061591222,0.012691837,0.011883969,0.030238585,0.024640139,0.205731225,0.029556455,-0.001377223,0.049325427,22,0.049444509,0.5,3,"[20,30)",-1.268121195,-0.717030662
7,wilkinson,7.68,"[-4,-3.5) [50,50.5)",1986,ne.atl,n,mid,21,-0.113379048,0.03224388,-0.012478085,0.013381865,-0.019115289,0.010008312,0.150385831,0.021555946,-0.01545537,0.019172247,21,0.011815141,0.5,3,"[20,30)",-0.636246487,-1.142753854
7,wilkinson,7.94,"[-5,-4.5) [51.5,52)",1993,ne.atl,n,mid,23,0.041830628,0.038971815,-0.044463813,0.016197424,-0.065246103,0.018349016,0.061312319,0.028263069,-0.014030889,0.019060322,23,0.000230999,0.5,3,"[20,30)",0.154540984,-1.540675148
7,wilkinson,7.17,"[-1.5,-1) [60,60.5)",1986,ne.atl,n,mid,34,0.249379514,0.029806775,0.003362277,0.002067495,-0.031054584,0.003768476,0.016191027,0.005269454,0.011387456,0.003663732,34,0.061301698,0.5,4,"[30,100)",1.831625376,-1.143093628
7,wilkinson,7.48,"[-3,-2.5) [56,56.5)",1992,ne.atl,n,mid,41,0.11832569,0.023327296,0.020622399,0.006954527,0.015878587,0.00668432,0.034618706,0.0136856,0.027310477,0.013134992,41,0.013456806,0.5,4,"[30,100)",1.029559169,-0.771609842
8,fromm,8.18,Stratum018,1956,nw.atl,i,hot,15,-0.076064203,0.021773153,0.035456828,0.046580177,0.14177723,0.029496876,-0.037858509,0.046042093,0.001862166,0.030843252,15,0.005311693,0.5,3,"[10,20)",-0.367392126,0.475098549
8,fromm,8.2,Stratum020,1962,nw.atl,i,mid,17,-0.059587911,0.050464504,0.007208127,0.041741992,0.074390507,0.043807862,-0.156587202,0.026879583,0.094604768,0.030619505,17,0.001004053,0.5,3,"[10,20)",-0.320090595,-0.651660649
8,fromm,8.22,Stratum022,1956,nw.atl,i,hot,19,0.083518788,0.029114595,-0.028285103,0.048733605,0.11248814,0.018387381,-0.082755571,0.040677152,-0.007852848,0.053015941,19,0.006127728,0.5,3,"[10,20)",0.33152723,-0.014638154
8,fromm,8.19,Stratum019,1956,nw.atl,i,hot,25,-0.106850759,0.009349533,0.007004187,0.012299949,0.123404351,0.024638973,-0.056112358,0.022953789,0.017776647,0.017833246,25,0.011329671,0.5,3,"[20,30)",-0.689247665,0.086610959
9,kinnear,9.09,Runway,1986,ne.atl,n,mid,17,-0.178031285,0.076141388,0.02575942,0.022010751,-0.033030463,0.020299198,0.134691849,0.039526742,0.026491054,0.031874873,17,0.025897627,0.5,3,"[10,20)",-0.841751742,-2.447824055
9,kinnear,9.13,Sullom,1986,ne.atl,n,mid,17,0.828098754,0.158089973,0.02575942,0.022010751,-0.033030463,0.020299198,0.134691849,0.039526742,0.026491054,0.031874873,17,0.660755107,0.5,3,"[10,20)",3.589555238,-2.447824055
9,kinnear,9.02,Kirkabister,2009,ne.atl,n,mid,36,0.023656777,0.004419766,-0.00109196,0.007683564,-0.016948279,0.010259374,0.042857143,0.018116463,0.042760618,0.018117748,36,0.000540109,0.5,4,"[30,100)",0.087552011,-1.031439898
9,kinnear,9.03,Vidlin,2009,ne.atl,n,mid,36,0.074046851,0.051429504,-0.00109196,0.007683564,-0.016948279,0.010259374,0.042857143,0.018116463,0.042760618,0.018117748,36,0.002837942,0.5,4,"[30,100)",0.505015757,-1.031439898
9,kinnear,9.06,Mavis,1986,ne.atl,n,mid,37,0.053641991,0.02533196,0.001115195,0.005657798,-0.020802041,0.00636333,0.036886693,0.012553527,0.028841121,0.010722906,37,0.002235755,0.5,4,"[30,100)",0.347328827,-1.061943059
9,kinnear,9.08,Riven,2009,ne.atl,n,mid,36,-0.004573314,0.02115891,0.012967376,0.010650352,-0.004862043,0.01459708,0.01919911,0.02541764,0.024805339,0.026923413,36,-0.000426784,1,4,"[30,100)",-0.146324199,-0.935775347
9,kinnear,9.12,Scatsta,1986,ne.atl,n,mid,34,0.033110823,0.014454209,-0.007351958,0.004526329,-0.014855036,0.006286964,0.033191005,0.012325415,0.043944986,0.010494988,34,0.000887402,0.5,4,"[30,100)",0.155202314,-1.014871534
9,kinnear,9.14,Fugla,1986,ne.atl,n,mid,37,-0.002681344,0.007473949,0.001608118,0.006086404,-0.020927435,0.007014445,0.03550516,0.013344321,0.025063093,0.012279598,37,-4.87E-05,1,4,"[30,100)",-0.135067541,-1.062935574
9,kinnear,9.16,Jetty,1986,ne.atl,n,mid,37,0.018291354,0.004004318,-0.001498751,0.0043334,-0.018777447,0.005484988,0.034663294,0.010551881,0.031589446,0.009122928,37,0.000318539,0.5,4,"[30,100)",0.044558778,-1.045918064
9,kinnear,9.18,Skaw,1986,ne.atl,n,mid,37,0.132176906,0.013130416,0.001695271,0.005103285,-0.023153252,0.005408104,0.046992685,0.011135007,0.029898568,0.009295289,37,0.017298327,0.5,4,"[30,100)",1.019962252,-1.080553282
9,kinnear,9.2,Kames,1986,ne.atl,n,mid,37,0.221919929,0.045303695,-0.001588352,0.006141696,-0.020280135,0.007738829,0.036448856,0.014748697,0.032501125,0.0131426,37,0.04719603,0.5,4,"[30,100)",1.788590535,-1.057812087
9,kinnear,9.23,Gluss,1986,ne.atl,n,mid,37,0.002633329,0.040323277,0.001608118,0.006086404,-0.020927435,0.007014445,0.03550516,0.013344321,0.025063093,0.012279598,37,-0.001619032,1,4,"[30,100)",-0.089548593,-1.062935574
9,kinnear,9.25,Swarta,1986,ne.atl,n,mid,37,0.693172666,0.223591174,4.98E-05,0.005415371,-0.022176147,0.006163535,0.042580824,0.012344818,0.031472466,0.010268567,37,0.430495332,0.5,4,"[30,100)",5.824761485,-1.072819335
9,kinnear,9.29,Grunn,1986,ne.atl,n,mid,37,0.101741649,0.014500488,-0.001588352,0.006141696,-0.020280135,0.007738829,0.036448856,0.014748697,0.032501125,0.0131426,37,0.010141099,0.5,4,"[30,100)",0.759291298,-1.057812087
10,knutsen,10.1,"[9.5,10) [58.5,59)",1953,ne.atl,n,mid,47,0.036463293,0.006969779,0.004050237,0.00779238,0.00084129,0.008236579,-0.013531209,0.02000667,-0.003099083,0.012557525,47,0.001280994,0.5,4,"[30,100)",0.279175346,-0.890632526
10,knutsen,10.07,"[8,8.5) [58,58.5)",1953,ne.atl,n,hot,97,0.014028725,0.000874129,0.001957106,0.00077043,0.004950636,0.000814346,0.015636217,0.002250153,0.010569134,0.001142007,97,0.000196041,0.5,5,"[30,100)",0.059200898,-0.858106375
10,knutsen,10.08,"[8.5,9) [58,58.5)",1953,ne.atl,n,hot,97,0.00764318,0.00099846,0.00104818,0.001160819,0.005032021,0.001277503,0.020539894,0.003493447,0.013633112,0.0017532,97,5.74E-05,0.5,5,"[30,100)",-0.342985586,-0.8574622
10,knutsen,10.09,"[9,9.5) [58.5,59)",1953,ne.atl,n,mid,97,0.005781374,0.000414369,0.001712036,0.00053717,0.004360706,0.00054601,0.016459462,0.001579364,0.012346879,0.000761235,97,3.33E-05,0.5,5,"[30,100)",-0.460249377,-0.862775769
11,welch,11.05,lubec,1957,nw.atl,i,mid,8,-0.972128947,0.307114624,0.000665337,0.030597739,0.229255169,0.081896692,0.035828025,0.143106275,0.089808917,0.081332588,8,0.850715297,0.5,2,"[0,10)",-3.216865234,0.46993455
11,welch,11.01,plum,1956,nw.atl,i,hot,14,-0.018080885,0.007116202,-0.016621536,0.022378487,0.199968279,0.027206865,-0.115255388,0.064792384,-0.096334634,0.046273715,14,0.000276278,0.5,3,"[10,20)",-0.124246532,1.448098818
11,welch,11.02,southport,1954,nw.atl,i,hot,14,-0.009764974,0.009346284,0.005548525,0.020230015,0.218328532,0.031457869,-0.104267088,0.074752905,-0.126787831,0.040028984,14,8.00E-06,0.5,3,"[10,20)",-0.091098186,1.75509674
11,welch,11.03,trenton,1956,nw.atl,i,mid,12,-0.446806453,0.058722997,0.038894071,0.026522902,0.201237671,0.040206258,-0.216731518,0.081722818,-0.093996665,0.060731298,12,0.196187616,0.5,2,"[10,20)",-1.715248905,1.469324055
11,welch,11.04,jonesport,1956,nw.atl,i,mid,12,-0.280293798,0.031304533,0.076152036,0.024675209,0.158161483,0.038426101,-0.367700149,0.085987999,-0.141102145,0.063180398,12,0.077584639,0.5,2,"[10,20)",-1.094214757,0.749056191
12,grosholz,12.01,bodega,1997,ne.pac,i,mid,15,-0.04281349,0.028119035,-0.033479737,0.026089809,0.013897503,0.028477812,0.001196218,0.03572841,-0.086475014,0.033310356,15,0.001042315,0.5,3,"[10,20)",-0.230368679,-1.663151423
14,vercaemer,14.02,"[-60.5,-60] [46,46.5]",2012,nw.atl,i,hot,4,-0.149237519,0.165706795,0.061081482,0.037923795,-0.219409716,0.053234244,-0.215789474,0.107905386,0.310526316,0.126879692,4,-0.005186905,1,1,"[0,10)",-0.464004257,-1.349379035
14,vercaemer,14.04,"[-61,-60.5) [46,46.5]",2012,nw.atl,i,hot,7,0.662571777,0.150179557,-0.050398509,0.011661749,0.039058799,0.054938179,0.156824417,0.221595328,-0.145781893,0.061567807,7,0.41644746,0.5,2,"[0,10)",2.051287482,-0.301302183
14,vercaemer,14.05,"[-61.5,-61) [45.5,46)",2012,nw.atl,i,cold,5,0.051139391,0.189958497,-0.007233764,0.021282539,0.012935524,0.117816608,0.497940075,0.404704999,-0.18670412,0.133735882,5,-0.033468993,1,2,"[0,10)",0.112444055,-0.407230751
14,vercaemer,14.07,"[-63.5,-63) [44.5,45)",2012,nw.atl,i,hot,5,-0.256918711,0.075391057,0.157212213,0.042732239,0.340694197,0.069473929,-0.639253188,0.098743277,0.224043716,0.06489537,5,0.060323413,0.5,2,"[0,10)",-0.797904254,0.921814214
15,beukema,15.01,balgazand,1971,ne.atl,n,mid,22,0.028405759,0.03142264,0.047684022,0.021131265,-0.020352378,0.015978201,0.011806755,0.058382241,-0.020071218,0.022386096,22,-0.000180495,1,3,"[20,30)",0.079663632,-1.153424901
16,thresher,16.02,lords,1997,sw.pac,i,hot,5,-0.600878901,0.261496735,-0.116984817,0.028520474,0.136995647,0.048332003,0.154347826,0.066749733,0.235652174,0.025392354,5,0.292674911,0.5,2,"[0,10)",-1.8143475,0.09582682
16,thresher,16.03,moulting,1996,sw.pac,i,hot,6,-0.850001412,0.158915302,-0.046603268,0.025899378,0.08647598,0.041614154,0.400066181,0.057688981,0.560291198,0.066258231,6,0.697248327,0.5,2,"[0,10)",-2.636774786,-0.109027894
17,frederich,17.01,biddeford,2018,nw.atl,i,hot,8,-0.051642816,0.039445818,-0.100943221,0.019933452,0.148072559,0.02392292,0.138134629,0.142984867,-0.224516202,0.031410457,8,0.001111008,0.5,2,"[0,10)",-0.211357184,0.140743142
18,oconnor,18.01,marshfield,2005,nw.atl,i,hot,18,-0.088504363,0.050938444,0.064923069,0.034470056,0.082546322,0.022515712,0.014174365,0.090651423,0.059901848,0.042891401,18,0.005238297,0.5,3,"[10,20)",-0.462577015,-0.515288984
18,oconnor,18.02,scituate,2001,nw.atl,i,hot,18,-0.056809701,0.086949088,0.061269384,0.034776617,0.071595274,0.021942675,0.008486665,0.092006964,0.04945214,0.046585102,18,-0.004332802,1,3,"[10,20)",-0.318263919,-0.698399151
19,mathieson,19.01,alloa,1994,ne.atl,n,mid,10,0.093539363,0.022032856,0.015140582,0.053434385,-0.029791515,0.058575567,0.312121212,0.156978472,-0.023636364,0.100716442,10,0.008264166,0.5,2,"[10,20)",0.280746011,-2.393666288
20,bessa ,20.01,pranto,2005,ne.atl,n,hot,5,0.240222313,0.142463262,0.052085344,0.065439227,-0.164999597,0.080183237,-0.144279661,0.131889011,0.04279661,0.129817075,5,0.037410979,0.5,2,"[0,10)",0.671206565,-1.128748734
20,bessa,20.02,southarm,2005,ne.atl,n,hot,5,0.158870428,0.120861595,0.052085344,0.065439227,-0.164999597,0.080183237,-0.144279661,0.131889011,0.04279661,0.129817075,5,0.010632288,0.5,2,"[0,10)",0.430802075,-1.128748734
20,bessa,20.03,northarm,2004,ne.atl,n,hot,5,1.063329251,0.581305383,0.052085344,0.065439227,-0.164999597,0.080183237,-0.144279661,0.131889011,0.04279661,0.129817075,5,0.792753148,0.5,2,"[0,10)",3.103585406,-1.128748734
20,bessa,20.04,mouth,2005,ne.atl,n,hot,5,0.259852434,0.227610526,0.052085344,0.065439227,-0.164999597,0.080183237,-0.144279661,0.131889011,0.04279661,0.129817075,5,0.015716736,0.5,2,"[0,10)",0.729215906,-1.128748734
21,langhamer,21.01,lillgrund,2011,ne.atl,n,mid,11,0.264221992,0.076018429,0.014175127,0.00755949,-0.010296298,0.023764449,-0.155510204,0.115377593,-0.032653061,0.047862628,11,0.06403446,0.5,2,"[10,20)",0.906004752,-2.067690872
21,langhamer,21.02,bredgrund,2011,ne.atl,n,mid,11,0.308643274,0.096462007,0.002666902,0.008783785,-0.020363652,0.022442003,-0.155510204,0.115377593,-0.032653061,0.047862628,11,0.085955752,0.5,2,"[10,20)",1.066261906,-2.236024977
21,langhamer,21.03,sjollen,2011,ne.atl,n,mid,11,0.270872953,0.116155382,0.014175127,0.00755949,-0.010296298,0.023764449,-0.155816327,0.108398659,-0.038571429,0.047475634,11,0.059880084,0.5,2,"[10,20)",0.929999199,-2.067690872
22,poirier,22.09,sum,2004,nw.atl,i,cold,8,0.461756827,0.100129591,0.00846234,0.055404649,0.03031633,0.053553298,0.203571429,0.321752482,0.110714286,0.103967497,8,0.203193432,0.5,2,"[0,10)",1.464960044,-0.336752455
22,poirier,22.11,boc,2004,nw.atl,i,cold,7,-4.09E-14,0.085751139,-0.0166989,0.072493274,0.020045349,0.060928252,-0.225,0.406374588,0.135714286,0.130188247,7,-0.007353258,1,2,"[0,10)",-0.04133883,-0.378400768
22,poirier,22.13,nin,2004,nw.atl,i,cold,6,0.447109805,0.097015254,-0.133912877,0.03675784,0.016775621,0.086124192,-0.791428571,0.341154502,0.04,0.166704758,6,0.190495218,0.5,2,"[0,10)",1.325951418,-0.391659351
22,poirier,22.14,cha,2000,nw.atl,i,cold,6,-0.02690601,0.070862588,-0.13759807,0.04839749,-0.03325485,0.097706646,-0.605084746,0.271038095,0.062711864,0.244913788,6,-0.004297573,1,2,"[0,10)",-0.122185694,-0.594530399
22,poirier,22.01,new,2007,nw.atl,i,cold,13,1.082217093,0.373968067,0.019395329,0.015075864,0.152254736,0.084983552,0.016824966,0.136678185,0.036227951,0.060422286,13,1.031341721,0.5,3,"[10,20)",4.122303472,0.650290719
22,poirier,22.02,rus,2009,nw.atl,i,cold,13,1.12587652,0.33532331,0.018440965,0.018316864,0.150479657,0.068422461,-0.01,0.153418561,0.032156863,0.065958562,13,1.155156216,0.5,3,"[10,20)",4.290643798,0.620609997
22,poirier,22.05,sav,2004,nw.atl,i,cold,14,0.531504764,0.040918508,0.025203111,0.025053565,0.131431982,0.051086515,0.018888889,0.151970341,0.088333333,0.057109179,14,0.28082299,0.5,3,"[10,20)",2.066476194,0.302117837
22,poirier,22.06,stp,2004,nw.atl,i,cold,14,0.61352631,0.213843589,0.02900844,0.02246204,0.124410426,0.051450166,0.013793103,0.141020946,0.065073892,0.047072909,14,0.330685453,0.5,3,"[10,20)",2.393425169,0.184711878
22,poirier,22.07,nol,2004,nw.atl,i,cold,14,0.114713462,0.040760893,0.038905602,0.026445237,0.117098937,0.04904447,0.164264849,0.163398175,0.075949367,0.053601191,14,0.011497728,0.5,3,"[10,20)",0.405089695,0.062458011
22,poirier,22.08,egm,2009,nw.atl,i,cold,13,0.575599633,0.043071903,0.027523193,0.022286285,0.142591345,0.063090876,0.053559603,0.173523878,0.036009934,0.059853938,13,0.329459749,0.5,3,"[10,20)",2.16890751,0.488711194
22,poirier,22.12,vit,2004,nw.atl,i,cold,11,0.257556587,0.020717914,0.045694168,0.034391783,0.057149939,0.03096736,0.128181818,0.221734336,0.104545455,0.064720207,11,0.065906164,0.5,2,"[10,20)",0.881958196,-0.939936554
23,young,23.01,salem,2014,nw.atl,i,hot,4,-0.11237364,0.125358727,-0.011973987,0.140800196,0.118079252,0.076859277,-0.806605691,0.509318722,-0.429065041,0.083577315,4,-0.003086975,1,1,"[0,10)",-0.358630106,0.019121787
24,camp,24.124,lobstershed,2008,nw.atl,i,cold,5,0.137885553,0.517054929,-0.234769089,0.03999141,-0.084725285,0.035367838,-0.02324159,0.269369908,0.214984709,0.118620538,5,-0.248333374,1,2,"[0,10)",0.368789275,-0.803240429
24,camp,24.129,macmillanspoint,2011,nw.atl,i,cold,9,0.175586296,0.234012725,-0.079113863,0.047011746,0.128790868,0.07067686,0.159770938,0.183709446,-0.027630637,0.070780171,9,-0.023931408,1,2,"[0,10)",0.548515935,0.062556853
24,camp,24.135,malpecroad,2013,nw.atl,i,mid,6,-0.356757466,0.556576474,0.126463676,0.069980853,-0.083191036,0.120879635,0.868780488,0.3765052,-0.19804878,0.088238444,6,-0.182501482,1,2,"[0,10)",-1.129894972,-0.797019126
24,camp,24.136,marcies,2011,nw.atl,i,cold,9,-0.193330346,0.169358982,-0.079113863,0.047011746,0.128790868,0.07067686,0.159770938,0.183709446,-0.027630637,0.070780171,9,0.008694158,0.5,2,"[0,10)",-0.696774896,0.062556853
24,camp,24.139,marys,2011,nw.atl,i,cold,9,0.023156331,0.058200176,-0.072260665,0.050515401,0.126719356,0.076282233,0.179152824,0.197837325,-0.063621262,0.071998815,9,-0.002851045,1,2,"[0,10)",0.033983338,0.054156975
24,camp,24.141,mcgeesfield,2015,nw.atl,i,mid,6,-0.484880337,0.400827368,0.168747265,0.105964423,0.019569251,0.089607225,1.003233256,0.444891341,-0.283602771,0.100932507,6,0.074446362,0.5,2,"[0,10)",-1.521315423,-0.380331321
24,camp,24.143,mcleodroad,2013,nw.atl,i,mid,6,0.467997301,0.653680205,0.126463676,0.069980853,-0.083191036,0.120879635,0.868780488,0.3765052,-0.19804878,0.088238444,6,-0.208276337,1,2,"[0,10)",1.389763546,-0.797019126
24,camp,24.161,ospreypoint,2011,nw.atl,i,cold,9,-0.139310078,0.248945053,-0.079113863,0.047011746,0.128790868,0.07067686,0.159770938,0.183709446,-0.027630637,0.070780171,9,-0.042566342,1,2,"[0,10)",-0.514427621,0.062556853
24,camp,24.191,redcliff,2009,nw.atl,i,cold,7,-0.041700241,0.405968748,-0.01487881,0.032213482,0.246271154,0.065735972,-0.168581342,0.186219424,-0.007247494,0.082148718,7,-0.163071714,1,2,"[0,10)",-0.173042329,0.538933515
24,camp,24.216,shirleysview,2009,nw.atl,i,cold,7,0.025849255,0.275250969,-0.010175683,0.031654955,0.247170539,0.062678273,-0.135104167,0.194780181,0.017604167,0.084810857,7,-0.075094912,1,2,"[0,10)",0.040301881,0.542580476
24,camp,24.225,sullivanroad,2013,nw.atl,i,mid,6,-0.512113739,0.309711044,0.126463676,0.069980853,-0.083191036,0.120879635,0.868780488,0.3765052,-0.19804878,0.088238444,6,0.166339551,0.5,2,"[0,10)",-1.604514546,-0.797019126
24,camp,24.236,vissers,2009,nw.atl,i,cold,7,-0.16945917,0.206489912,-0.009005666,0.032061674,0.249086096,0.063668735,-0.119819168,0.190786652,0.01920434,0.086485029,7,-0.013921673,1,2,"[0,10)",-0.576548343,0.550347963
24,camp,24.28,brewster,2011,nw.atl,i,cold,9,0.311335793,0.41358138,-0.079113863,0.047011746,0.128790868,0.07067686,0.159770938,0.183709446,-0.027630637,0.070780171,9,-0.074119582,1,2,"[0,10)",1.006743038,0.062556853
24,camp,24.62,cooproaddrywharf,2015,nw.atl,i,mid,6,-1.47936676,0.785892571,0.168747265,0.105964423,0.019569251,0.089607225,1.003233256,0.444891341,-0.283602771,0.100932507,6,1.570898877,0.5,2,"[0,10)",-4.559510881,-0.380331321
24,camp,24.73,edyeo,2015,nw.atl,i,mid,6,0.361785734,0.403059934,0.168747265,0.105964423,0.019569251,0.089607225,1.003233256,0.444891341,-0.283602771,0.100932507,6,-0.031568393,1,2,"[0,10)",1.065282998,-0.380331321
24,camp,24.76,enmanshore,2015,nw.atl,i,mid,6,0.866724429,0.443908955,0.168747265,0.105964423,0.019569251,0.089607225,1.003233256,0.444891341,-0.283602771,0.100932507,6,0.554156075,0.5,2,"[0,10)",2.607890734,-0.380331321
24,camp,24.77,esgenoopetitj,2013,nw.atl,i,mid,5,0.534570821,0.363891194,0.145465437,0.08142992,-0.066632971,0.141652803,0.89,0.442084224,-0.16,0.101172612,5,0.153349162,0.5,2,"[0,10)",1.541041394,-0.729877004
24,camp,24.78,ferdinandroad,2013,nw.atl,i,mid,6,0.331684741,0.350538472,0.126463676,0.069980853,-0.083191036,0.120879635,0.868780488,0.3765052,-0.19804878,0.088238444,6,-0.012862453,1,2,"[0,10)",0.97332327,-0.797019126
24,camp,24.89,golfecourse,2011,nw.atl,i,cold,9,0.192359719,0.178119483,-0.079113863,0.047011746,0.128790868,0.07067686,0.159770938,0.183709446,-0.027630637,0.070780171,9,0.005275711,0.5,2,"[0,10)",0.605135202,0.062556853
24,camp,24.94,guthries,2009,nw.atl,i,cold,7,0.190148535,0.306430932,-0.010175683,0.031654955,0.247170539,0.062678273,-0.135104167,0.194780181,0.017604167,0.084810857,7,-0.057743451,1,2,"[0,10)",0.559214712,0.542580476
24,camp,24.98,higginswharf,2015,nw.atl,i,mid,6,-0.592918155,0.486095444,0.168747265,0.105964423,0.019569251,0.089607225,1.003233256,0.444891341,-0.283602771,0.100932507,6,0.115263158,0.5,2,"[0,10)",-1.851375241,-0.380331321
24,camp,24.01,aboujaganeriver,2009,nw.atl,i,mid,11,0.017531463,0.116676933,-0.046533494,0.029397406,0.145091729,0.039893777,0.078077054,0.151898756,-0.022968519,0.042695307,11,-0.013306154,1,2,"[10,20)",0.016027688,0.530519588
24,camp,24.03,acrossslipway,2004,nw.atl,i,cold,16,0.06522894,0.07728233,-0.04060946,0.013936223,0.145628669,0.021037173,0.170273581,0.05198304,0.027235606,0.018683473,16,-0.001717744,1,3,"[10,20)",0.222130461,0.539497649
24,camp,24.04,aitkenpoint,2008,nw.atl,i,cold,15,-0.131055032,0.104260788,-0.032699648,0.014915861,0.178054697,0.024145787,0.11445797,0.076796279,0.008314194,0.027326448,15,0.006305109,0.5,3,"[10,20)",-0.594004799,1.081686431
24,camp,24.05,albertgallant,2007,nw.atl,i,mid,13,-0.087455803,0.152502759,-0.022832182,0.020488306,0.151539869,0.025764953,0.15398401,0.099438604,-0.014956881,0.031558889,13,-0.015608574,1,3,"[10,20)",-0.387675936,0.638337578
24,camp,24.06,alleedescanards,2007,nw.atl,i,mid,14,-0.125409349,0.130951141,0.003554794,0.015443283,0.135732117,0.020399151,0.107455525,0.089708093,0.062487557,0.026192559,14,-0.001420697,1,3,"[10,20)",-0.552072305,0.374019488
24,camp,24.07,alpeters,2004,nw.atl,i,mid,16,-0.362723609,0.094288638,0.003299359,0.014943678,0.090616492,0.018685706,0.206506154,0.074511515,0.058409982,0.022810284,16,0.122678069,0.5,3,"[10,20)",-1.601057489,-0.380349372
24,camp,24.08,andersonsbridge,2009,nw.atl,i,mid,11,-0.202867931,0.119926472,0.020909412,0.021321229,0.166759313,0.032793896,0.099408894,0.126227675,-0.00545742,0.037139417,11,0.026773039,0.5,2,"[10,20)",-0.779099738,0.892818695
24,camp,24.104,infocenter,2004,nw.atl,i,mid,16,0.084212243,0.086701805,0.003299359,0.014943678,0.090616492,0.018685706,0.25718247,0.072962973,0.053168538,0.023941666,16,-0.000425501,1,3,"[10,20)",0.303004215,-0.380349372
24,camp,24.105,inkermanferry,2009,nw.atl,i,mid,11,0.096414638,0.097328818,-0.056828653,0.030060252,0.126747071,0.038556747,0.135815603,0.16429456,0.016666667,0.046125092,11,-0.000177116,1,2,"[10,20)",0.300611846,0.223782427
24,camp,24.106,innonthepier,2004,nw.atl,i,cold,16,-0.083814834,0.075943212,0.000451574,0.013102713,0.128511572,0.019186938,0.200298805,0.06862199,0.021314741,0.023192661,16,0.001257555,0.5,3,"[10,20)",-0.412834358,0.253286276
24,camp,24.107,interpretivecenter,2009,nw.atl,i,cold,15,-0.218071863,0.12581661,-0.022034582,0.013465374,0.158394245,0.020010279,0.115080741,0.075605656,0.022194599,0.026298922,15,0.031725518,0.5,3,"[10,20)",-0.952593987,0.752948155
24,camp,24.108,irving,2004,nw.atl,i,mid,16,-0.010369681,0.090209486,-0.009740054,0.015012049,0.11361723,0.017589193,0.260746652,0.079117565,0.084417692,0.029687294,16,-0.008030221,1,3,"[10,20)",-0.099939112,0.004241122
24,camp,24.11,annesacres,2009,nw.atl,i,cold,15,0.063500508,0.123342161,-0.026631746,0.014298794,0.163459998,0.021296707,0.094220319,0.080240038,0.010793677,0.027524531,15,-0.011180974,1,3,"[10,20)",0.207742543,0.837651544
24,camp,24.112,islandwest,2009,nw.atl,i,cold,15,-0.065654876,0.087563647,-0.03188361,0.01468451,0.180634357,0.023339922,0.109001036,0.07536721,0.009734513,0.027044361,15,-0.00335683,1,3,"[10,20)",-0.324496148,1.124820382
24,camp,24.113,jardinepark,2007,nw.atl,i,mid,12,0.026116279,0.065835489,-0.032672277,0.019380922,0.152927328,0.024098401,-0.000303224,0.099956138,0.028215768,0.032405648,12,-0.003652252,1,2,"[10,20)",0.048588,0.661536988
24,camp,24.114,joecarter,2009,nw.atl,i,cold,12,-0.377170851,0.098935229,-0.072314673,0.025816796,0.182541311,0.029505378,0.016528239,0.091565835,-0.000456811,0.031694491,12,0.132469671,0.5,2,"[10,20)",-1.455532388,1.156706158
24,camp,24.115,keirsshore,2009,nw.atl,i,cold,11,-0.046401038,0.143721682,-0.020662916,0.028193223,0.166909402,0.038747832,0.08974359,0.149871457,-0.001907442,0.044791117,11,-0.018502866,1,2,"[10,20)",-0.214619429,0.895328301
24,camp,24.116,kouchibouguacriver,2009,nw.atl,i,mid,11,-0.272053378,0.129523298,-0.043564674,0.028212739,0.14741329,0.038206343,0.113258286,0.14770001,1.17E-14,0.044332928,11,0.057236756,0.5,2,"[10,20)",-1.028697731,0.56933792
24,camp,24.117,larsondrive,2009,nw.atl,i,cold,15,0.013675304,0.11064773,-0.031198546,0.015968174,0.175764182,0.025217934,0.099180534,0.080519327,0.00244898,0.028858013,15,-0.012055906,1,3,"[10,20)",0.002416984,1.043387212
24,camp,24.118,leftsideofwharf,2007,nw.atl,i,mid,16,0.025239418,0.056278198,-0.024303148,0.016402663,0.129242247,0.020787276,0.089946866,0.089679617,0.033416162,0.027454462,16,-0.002530207,1,3,"[10,20)",0.05176481,0.265503739
24,camp,24.119,lighthouse,2004,nw.atl,i,mid,16,-0.060958524,0.081326203,0.005619483,0.014986249,0.089784856,0.018980415,0.269123506,0.073055818,0.049701195,0.024053896,16,-0.00289801,1,3,"[10,20)",-0.315460597,-0.394254982
24,camp,24.121,linkletterprovincialpark,2009,nw.atl,i,mid,12,0.109771793,0.113399932,-0.000449365,0.016417687,0.19673084,0.026646731,0.088745881,0.106114725,-0.009102142,0.034628544,12,-0.000809698,1,2,"[10,20)",0.3605939,1.393966283
24,camp,24.122,llgauthier,2004,nw.atl,i,mid,13,-0.11373389,0.135388014,-0.002168251,0.015675851,0.115836786,0.02148997,0.167573925,0.098530564,0.115647401,0.024613229,13,-0.005394517,1,3,"[10,20)",-0.488997965,0.04135385
24,camp,24.123,lobster,2004,nw.atl,i,mid,16,-0.148404865,0.068283316,0.003299359,0.014943678,0.090616492,0.018685706,0.25718247,0.072962973,0.053168538,0.023941666,16,0.017361393,0.5,3,"[10,20)",-0.688004506,-0.380349372
24,camp,24.125,longcreek,2004,nw.atl,i,mid,16,-0.010276198,0.070602888,0.003299359,0.014943678,0.090616492,0.018685706,0.206506154,0.074511515,0.058409982,0.022810284,16,-0.004879168,1,3,"[10,20)",-0.099540851,-0.380349372
24,camp,24.126,lyonsbrook,2004,nw.atl,i,cold,16,-0.131210229,0.071819292,0.025895417,0.013836072,0.115995594,0.022662368,0.207625457,0.061146779,0.018727174,0.022747463,16,0.012058113,0.5,3,"[10,20)",-0.614750933,0.044009245
24,camp,24.127,machonspoint,2009,nw.atl,i,cold,15,0.032061598,0.092499599,-0.031081599,0.01527365,0.175585302,0.023366685,0.12325207,0.077690401,0.002874885,0.02747788,15,-0.00752823,1,3,"[10,20)",0.078185386,1.040396197
24,camp,24.128,macleanspoint,2004,nw.atl,i,mid,16,-0.118228087,0.076579849,-0.003836836,0.01089346,0.131185827,0.026037309,0.160571191,0.053527608,0.013486067,0.022256385,16,0.008113407,0.5,3,"[10,20)",-0.559443668,0.298001931
24,camp,24.13,avelineave,2008,nw.atl,i,cold,16,0.032318068,0.053621916,0.034614526,0.014428964,0.077819518,0.026320161,0.225171591,0.051764149,0.012623098,0.020620968,16,-0.001830852,1,3,"[10,20)",0.08192168,-0.594324878
24,camp,24.131,macpheespoint,2004,nw.atl,i,hot,16,0.000923611,0.066987076,-0.007063076,0.010982832,0.129305526,0.025524383,0.142294538,0.054479804,0.015420887,0.021835819,16,-0.004486415,1,3,"[10,20)",-0.051826783,0.266561814
24,camp,24.134,malagashcentre,2009,nw.atl,i,cold,10,0.034591279,0.144901956,0.089235659,0.024763279,0.192653922,0.045283581,0.110781037,0.135562669,0.005124397,0.047309414,10,-0.01980002,1,2,"[10,20)",0.075036612,1.325796996
24,camp,24.137,marina,2004,nw.atl,i,cold,16,-0.071467745,0.074667128,-0.020265777,0.018521128,0.096490822,0.021553479,0.168204766,0.060172645,0.000334461,0.020995128,16,-0.000467541,1,3,"[10,20)",-0.360232582,-0.282125938
24,camp,24.138,marinabeachcape,2004,nw.atl,i,mid,16,-0.063629938,0.108798948,0.005619483,0.014986249,0.089784856,0.018980415,0.269123506,0.073055818,0.049701195,0.024053896,16,-0.007788442,1,3,"[10,20)",-0.326841508,-0.394254982
24,camp,24.14,bakerslaunch,2009,nw.atl,i,cold,13,-0.083308021,0.088801193,-0.055318392,0.019774323,0.165395152,0.023657525,0.117223733,0.088634847,-0.035292013,0.029619227,13,-0.000945426,1,3,"[10,20)",-0.371683079,0.870008846
24,camp,24.142,mcguirebeach,2007,nw.atl,i,mid,12,0.085568146,0.074712587,-0.032672277,0.019380922,0.152927328,0.024098401,-0.000303224,0.099956138,0.028215768,0.032405648,12,0.001739937,0.5,2,"[10,20)",0.270322736,0.661536988
24,camp,24.145,middleisland,2004,nw.atl,i,mid,16,-0.092104719,0.082331824,0.017332956,0.012657502,0.095233756,0.018656261,0.248525632,0.078671747,0.070641147,0.022949993,16,0.00170475,0.5,3,"[10,20)",-0.448151401,-0.303145074
24,camp,24.146,montgomeryroad,2009,nw.atl,i,cold,11,0.161159876,0.149528002,-0.018643282,0.029021421,0.165592079,0.039969084,0.129078014,0.14903167,-0.007446809,0.04586071,11,0.003613882,0.5,2,"[10,20)",0.534191048,0.873301621
24,camp,24.147,mundles,2008,nw.atl,i,cold,12,-0.387252829,0.185357417,0.043603029,0.018246582,0.189891831,0.029897293,0.150736968,0.099581698,-0.009445107,0.033588718,12,0.115607382,0.5,2,"[10,20)",-1.493134651,1.279612654
24,camp,24.148,murdockbeach,2004,nw.atl,i,mid,16,-0.250735605,0.1081095,0.019142386,0.012720835,0.093318719,0.018857633,0.259960159,0.079033565,0.066932271,0.022988214,16,0.05118068,0.5,3,"[10,20)",-1.123959783,-0.335166004
24,camp,24.149,murphyspoint,2004,nw.atl,i,hot,16,-0.183743997,0.071793378,-0.007063076,0.010982832,0.129305526,0.025524383,0.142294538,0.054479804,0.015420887,0.021835819,16,0.028607567,0.5,3,"[10,20)",-0.838558299,0.266561814
24,camp,24.15,bayshore,2007,nw.atl,i,mid,16,0.077029463,0.0821744,-0.024713813,0.016813115,0.12822911,0.019340905,0.092882543,0.091663743,0.033375931,0.027739664,16,-0.000819094,1,3,"[10,20)",0.272403725,0.248563289
24,camp,24.151,murraybeach,2009,nw.atl,i,mid,14,-0.080877772,0.087596569,-0.005664109,0.011957463,0.165252599,0.020925615,0.107935374,0.079938856,0.032665459,0.027385962,14,-0.001131945,1,3,"[10,20)",-0.374563416,0.867625248
24,camp,24.152,naveenlane,2008,nw.atl,i,cold,16,0.063284023,0.07775713,0.037900215,0.016230052,0.078035718,0.030930547,0.252193965,0.05548741,-0.000901558,0.024195824,16,-0.002041304,1,3,"[10,20)",0.213844614,-0.590709843
24,camp,24.153,nelsonroad,2009,nw.atl,i,mid,11,-0.228131152,0.111114963,0.016073028,0.021848535,0.160618929,0.033760234,0.109559478,0.130983221,-0.01195491,0.038281429,11,0.039697288,0.5,2,"[10,20)",-0.870241005,0.790146628
24,camp,24.154,nexttobridge,2007,nw.atl,i,mid,16,0.128613486,0.110172651,-0.007350828,0.01373153,0.115585707,0.021928798,0.1157789,0.090888268,0.038161199,0.026676171,16,0.004403416,0.5,3,"[10,20)",0.492164933,0.037155611
24,camp,24.155,nicollecove,2009,nw.atl,i,cold,15,0.040852865,0.086541367,-0.03115589,0.015063188,0.179103674,0.023927382,0.120431522,0.076790621,0.005591314,0.027550861,15,-0.005820452,1,3,"[10,20)",0.114413473,1.099226154
24,camp,24.156,oakpoint,2004,nw.atl,i,mid,16,-0.11620193,0.080861229,0.017030246,0.012825588,0.090613811,0.017789196,0.252450589,0.079572367,0.068555698,0.023085774,16,0.00696435,0.5,3,"[10,20)",-0.550811718,-0.380394201
24,camp,24.157,oldferryroad,2009,nw.atl,i,mid,11,0.069880988,0.159529894,-0.020662916,0.028193223,0.166909402,0.038747832,0.08974359,0.149871457,-0.001907442,0.044791117,11,-0.020566435,1,2,"[10,20)",0.204887296,0.895328301
24,camp,24.158,oppositechurch,2009,nw.atl,i,hot,11,0.020815585,0.220058283,-0.000266007,0.021450168,0.193323068,0.044352099,-0.023752325,0.103009363,0.033028518,0.035946384,11,-0.047992359,1,2,"[10,20)",0.027875704,1.336985645
24,camp,24.159,oppositehouse,2004,nw.atl,i,cold,16,0.057191504,0.063109438,-0.04060946,0.013936223,0.145628669,0.021037173,0.170273581,0.05198304,0.027235606,0.018683473,16,-0.000711933,1,3,"[10,20)",0.187888916,0.539497649
24,camp,24.16,beechpoint,2009,nw.atl,i,cold,11,-0.131393621,0.203649281,-0.020662916,0.028193223,0.166909402,0.038747832,0.099186992,0.142524898,-0.006535335,0.045405643,11,-0.024208746,1,2,"[10,20)",-0.521244292,0.895328301
24,camp,24.163,pagweakcamp,2008,nw.atl,i,mid,12,0.141606278,0.155865177,0.041893983,0.017848832,0.191749698,0.029177268,0.137994234,0.09776204,-0.016855437,0.033473445,12,-0.004241615,1,2,"[10,20)",0.47932543,1.310677657
24,camp,24.164,parcvalcomeau,2007,nw.atl,i,mid,14,0.049644048,0.093575444,0.003554794,0.015443283,0.135732117,0.020399151,0.110763419,0.088922213,0.066275301,0.02771167,14,-0.006291832,1,3,"[10,20)",0.145714211,0.374019488
24,camp,24.165,parkboatlaunch,2009,nw.atl,i,cold,15,0.091083418,0.176984942,-0.035664385,0.015687431,0.179955201,0.025143905,0.106801459,0.081001412,0.01642664,0.028597854,15,-0.023027481,1,3,"[10,20)",0.321409441,1.113464358
24,camp,24.166,parkerspoint,2009,nw.atl,i,cold,15,-0.081843925,0.083320875,-0.03115589,0.015063188,0.179103674,0.023927382,0.120431522,0.076790621,0.005591314,0.027550861,15,-0.00024394,1,3,"[10,20)",-0.391209884,1.099226154
24,camp,24.167,parknorth,2004,nw.atl,i,mid,16,-0.175060219,0.068851767,0.004020562,0.015081045,0.089766407,0.018819177,0.243582932,0.074841358,0.060350324,0.024323815,16,0.025905514,0.5,3,"[10,20)",-0.801563171,-0.394563464
24,camp,24.168,parksouth,2004,nw.atl,i,mid,16,-0.121579438,0.055860269,0.004020562,0.015081045,0.089766407,0.018819177,0.243582932,0.074841358,0.060350324,0.024323815,16,0.01166119,0.5,3,"[10,20)",-0.573721286,-0.394563464
24,camp,24.169,pauldeveau,2009,nw.atl,i,cold,11,0.113708329,0.096262546,0.00618559,0.018999428,0.193642096,0.035947125,-0.031633602,0.111040792,0.033888717,0.037200683,11,0.003663106,0.5,2,"[10,20)",0.363001709,1.342320045
24,camp,24.17,behindthetakeout,2004,nw.atl,i,mid,16,-0.006010099,0.072481827,0.003299359,0.014943678,0.090616492,0.018685706,0.25718247,0.072962973,0.053168538,0.023941666,16,-0.005217494,1,3,"[10,20)",-0.081366171,-0.380349372
24,camp,24.171,paulgallant,2009,nw.atl,i,cold,12,0.366359374,0.120262804,-0.07113303,0.026266813,0.176735471,0.028825907,0.037354463,0.088103456,-0.001600906,0.032274127,12,0.119756049,0.5,2,"[10,20)",1.317576117,1.059627931
24,camp,24.172,pecheriestpaul,2007,nw.atl,i,mid,16,0.015513073,0.159913293,-0.004863157,0.014825298,0.112993884,0.018704291,0.174200362,0.07980436,0.061119493,0.023500213,16,-0.025331606,1,3,"[10,20)",0.010328078,-0.006181715
24,camp,24.173,pointeacochon,2009,nw.atl,i,mid,12,-0.942186184,0.361382478,-0.009808735,0.02033514,0.19406065,0.041074457,-0.007228435,0.095690702,0.016746539,0.034106357,12,0.75711751,0.5,2,"[10,20)",-3.562842586,1.349318599
24,camp,24.174,pointeadonatien,2004,nw.atl,i,mid,15,-0.088178484,0.072060096,0.011924329,0.015414071,0.089060459,0.01970306,0.245680913,0.079160873,0.070029295,0.025442196,15,0.002582788,0.5,3,"[10,20)",-0.41731408,-0.406367472
24,camp,24.175,pointeagodin,2009,nw.atl,i,mid,11,0.037520842,0.09235425,-0.058749523,0.029190156,0.127881679,0.037374082,0.08971232,0.165991943,0.011569731,0.044990749,11,-0.007121494,1,2,"[10,20)",0.088142694,0.242753968
24,camp,24.176,pointeamaxime,2004,nw.atl,i,mid,14,-0.084001762,0.071241263,0.012199357,0.016154878,0.090984995,0.020627941,0.241465325,0.082941196,0.080164097,0.026171578,14,0.001980978,0.5,3,"[10,20)",-0.387016063,-0.374187711
24,camp,24.177,pointeauxcarr,2004,nw.atl,i,mid,16,-0.132582619,0.092506323,0.017332956,0.012657502,0.095233756,0.018656261,0.248525632,0.078671747,0.070641147,0.022949993,16,0.009020731,0.5,3,"[10,20)",-0.620597667,-0.303145074
24,camp,24.179,pointedesferguson,2007,nw.atl,i,mid,14,0.286412649,0.136167379,0.011634865,0.015786831,0.139365446,0.02273276,0.194080717,0.094574874,0.082197309,0.031687688,14,0.06349065,0.5,3,"[10,20)",1.089505876,0.434771617
24,camp,24.18,belmontpark,2009,nw.atl,i,mid,11,0.276948731,0.119203467,-0.020662916,0.028193223,0.166909402,0.038747832,0.08974359,0.149871457,-0.001907442,0.044791117,11,0.062491133,0.5,2,"[10,20)",0.951918577,0.895328301
24,camp,24.181,pointedesmazeroles,2009,nw.atl,i,mid,11,0.398949817,0.164703788,-0.055017093,0.029258839,0.123916108,0.03770597,0.092758358,0.169766752,0.005172602,0.04487225,11,0.132033619,0.5,2,"[10,20)",1.392057762,0.176446491
24,camp,24.183,powerplant,2004,nw.atl,i,cold,16,-0.079090978,0.078331608,0.028266091,0.013984027,0.120490414,0.0228207,0.202676588,0.062315493,0.016045421,0.023120704,16,0.000119542,0.5,3,"[10,20)",-0.392709516,0.119166183
24,camp,24.184,priestpoint,2004,nw.atl,i,hot,16,0.078442175,0.071803711,-0.007063076,0.010982832,0.129305526,0.025524383,0.142294538,0.054479804,0.015420887,0.021835819,16,0.000997402,0.5,3,"[10,20)",0.278422241,0.266561814
24,camp,24.186,pubbythebridge,2004,nw.atl,i,mid,16,-0.060384996,0.064879386,0.003299359,0.014943678,0.090616492,0.018685706,0.25718247,0.072962973,0.053168538,0.023941666,16,-0.000562987,1,3,"[10,20)",-0.313017221,-0.380349372
24,camp,24.187,quaivalcomeau,2007,nw.atl,i,mid,14,-0.047560299,0.082979798,0.003554794,0.015443283,0.135732117,0.020399151,0.110763419,0.088922213,0.066275301,0.02771167,14,-0.004623665,1,3,"[10,20)",-0.241755463,0.374019488
24,camp,24.188,queenelizabethpark,2009,nw.atl,i,cold,11,-0.198293589,0.146148016,-0.018643282,0.029021421,0.169763044,0.039879973,0.117730496,0.13865546,0.002836879,0.048140948,11,0.017961105,0.5,2,"[10,20)",-0.76259704,0.943043448
24,camp,24.189,ramsayfarm,2009,nw.atl,i,mid,11,0.050286354,0.150271717,-0.020662916,0.028193223,0.166909402,0.038747832,0.08974359,0.149871457,-0.001907442,0.044791117,11,-0.020052872,1,2,"[10,20)",0.134196399,0.895328301
24,camp,24.192,resort,2004,nw.atl,i,mid,15,0.161589456,0.104078516,0.012300225,0.015434072,0.0864281,0.01880157,0.209539981,0.079455037,0.067366471,0.023448021,15,0.015278815,0.5,3,"[10,20)",0.611959012,-0.450382592
24,camp,24.193,richmondstreet,2009,nw.atl,i,cold,15,-0.088711984,0.090713046,-0.03115589,0.015063188,0.179103674,0.023927382,0.120431522,0.076790621,0.005591314,0.027550861,15,-0.000359041,1,3,"[10,20)",-0.419512589,1.099226154
24,camp,24.194,rightsideofwharf,2007,nw.atl,i,mid,16,0.064520246,0.078035823,-0.02888444,0.016903559,0.138153279,0.021052845,0.054635647,0.091260752,0.025271755,0.028247134,16,-0.001926728,1,3,"[10,20)",0.219111242,0.414503228
24,camp,24.195,rockypoint,2009,nw.atl,i,cold,11,-0.017448349,0.154329266,-0.020662916,0.028193223,0.166909402,0.038747832,0.081550969,0.139323502,-0.001438399,0.046845675,11,-0.023513077,1,2,"[10,20)",-0.110167794,0.895328301
24,camp,24.196,rogernoel,2004,nw.atl,i,mid,16,-0.000515419,0.107577995,-0.028772819,0.016062112,0.107252177,0.022402964,0.137038306,0.094198357,0.074835886,0.026208683,16,-0.011572759,1,3,"[10,20)",-0.057957421,-0.102187588
24,camp,24.197,rollies,2009,nw.atl,i,cold,10,0.220542445,0.174609318,0.091008468,0.026159338,0.194317525,0.047873717,0.091726519,0.142772543,0.012044199,0.049808633,10,0.018150556,0.5,2,"[10,20)",0.723944938,1.353613751
24,camp,24.198,route11,2004,nw.atl,i,mid,16,-0.062267362,0.05457478,0.003299359,0.014943678,0.090616492,0.018685706,0.25718247,0.072962973,0.053168538,0.023941666,16,0.000898818,0.5,3,"[10,20)",-0.321036584,-0.380349372
24,camp,24.199,rueblanchard,2007,nw.atl,i,mid,16,0.180005498,0.075012856,-0.004863157,0.014825298,0.112993884,0.018704291,0.174200362,0.07980436,0.061119493,0.023500213,16,0.026775051,0.5,3,"[10,20)",0.711108124,-0.006181715
24,camp,24.201,ruedegrace,2004,nw.atl,i,mid,13,0.064797729,0.077435792,-0.002029234,0.015433426,0.121923292,0.022590949,0.170573058,0.097078661,0.118003802,0.024424283,13,-0.001797556,1,3,"[10,20)",0.19937733,0.143125034
24,camp,24.202,ruedock,2004,nw.atl,i,mid,16,-0.015033605,0.070788838,-0.000795797,0.015270606,0.090828454,0.019342815,0.25222178,0.075471044,0.057290045,0.024658875,16,-0.00478505,1,3,"[10,20)",-0.119808628,-0.3768052
24,camp,24.203,ruedugas,2005,nw.atl,i,mid,16,-0.081898914,0.074809267,0.015848165,0.013355181,0.10171396,0.01943815,0.195428485,0.08190164,0.068587809,0.023490595,16,0.001111006,0.5,3,"[10,20)",-0.404672046,-0.194790948
24,camp,24.205,ruefoley,2007,nw.atl,i,mid,16,-0.169726814,0.1143011,-0.004863157,0.014825298,0.112993884,0.018704291,0.174200362,0.07980436,0.061119493,0.023500213,16,0.01574245,0.5,3,"[10,20)",-0.778841494,-0.006181715
24,camp,24.206,ruemclaughlin,2007,nw.atl,i,mid,14,0.046765322,0.110932037,0.001803273,0.015906181,0.137562379,0.021032918,0.095431541,0.0912458,0.070126796,0.028501592,14,-0.010118921,1,3,"[10,20)",0.13423922,0.404622913
24,camp,24.208,savoylanding,2004,nw.atl,i,mid,13,-0.049784145,0.092255714,-0.002029234,0.015433426,0.121923292,0.022590949,0.170573058,0.097078661,0.118003802,0.024424283,13,-0.006032656,1,3,"[10,20)",-0.242423017,0.143125034
24,camp,24.209,seabright,2008,nw.atl,i,cold,16,-0.087545289,0.069427597,0.030441329,0.013881111,0.102670156,0.027254752,0.183820663,0.053134155,0.023196881,0.020434229,16,0.002843986,0.5,3,"[10,20)",-0.428727056,-0.178802596
24,camp,24.21,bigbasin,2009,nw.atl,i,cold,13,0.036784678,0.219304379,-0.007419123,0.013084648,0.190157013,0.026997536,0.112324766,0.087550664,0.02510222,0.029791664,13,-0.046741298,1,3,"[10,20)",0.091365694,1.284046707
24,camp,24.211,seagull,2007,nw.atl,i,mid,13,-0.175886517,0.142644648,-0.022832182,0.020488306,0.151539869,0.025764953,0.15398401,0.099438604,-0.014956881,0.031558889,13,0.010588571,0.5,3,"[10,20)",-0.728643655,0.638337578
24,camp,24.212,seagullparking,2008,nw.atl,i,mid,15,-0.116494156,0.085273639,0.032143525,0.014636025,0.124553241,0.022244422,0.220084884,0.071967333,0.04877571,0.025307187,15,0.006299295,0.5,3,"[10,20)",-0.53400063,0.187099858
24,camp,24.213,sentiernb,2009,nw.atl,i,mid,11,-0.050437837,0.123827741,-0.058749523,0.029190156,0.127881679,0.037374082,0.08971232,0.165991943,0.011569731,0.044990749,11,-0.012789334,1,2,"[10,20)",-0.229182852,0.242753968
24,camp,24.214,shambles,2004,nw.atl,i,cold,16,0.013109345,0.06988943,-0.029266409,0.013258447,0.14547112,0.021868536,0.169333369,0.054035551,0.032572437,0.019226708,16,-0.004712677,1,3,"[10,20)",8.76E-05,0.536863305
24,camp,24.215,sharamspoint,2008,nw.atl,i,cold,15,-0.148314999,0.108338157,-0.032699648,0.014915861,0.178054697,0.024145787,0.11445797,0.076796279,0.008314194,0.027326448,15,0.010260183,0.5,3,"[10,20)",-0.665131701,1.081686431
24,camp,24.217,slipway,2004,nw.atl,i,cold,16,-0.099395482,0.061809479,-0.04060946,0.013936223,0.145628669,0.021037173,0.170273581,0.05198304,0.027235606,0.018683473,16,0.00605905,0.5,3,"[10,20)",-0.479211926,0.539497649
24,camp,24.218,smallcreek,2004,nw.atl,i,cold,16,-0.002428868,0.084160045,-0.040523112,0.014027515,0.1457961,0.021155005,0.17166608,0.050963013,0.027249422,0.018832735,16,-0.007077014,1,3,"[10,20)",-0.066109206,0.542297227
24,camp,24.22,boardwalk,2008,nw.atl,i,mid,12,0.110661669,0.152199621,-0.002713226,0.016449382,0.195345095,0.02710454,0.074994654,0.106541393,-0.003892216,0.034577034,12,-0.01091872,1,2,"[10,20)",0.363912827,1.370795533
24,camp,24.221,southesk,2009,nw.atl,i,mid,11,-0.008728674,0.117922513,0.019439752,0.022641214,0.177610595,0.034301591,0.084880657,0.133880336,0.002851829,0.039183813,11,-0.013829529,1,2,"[10,20)",-0.078710118,1.074260695
24,camp,24.223,stavertpointroad,2009,nw.atl,i,cold,12,0.358407652,0.258382128,-0.000449365,0.016417687,0.19673084,0.026646731,0.088745881,0.106114725,-0.009102142,0.034628544,12,0.061694721,0.5,2,"[10,20)",1.287918967,1.393966283
24,camp,24.224,strawberrymarsh,2009,nw.atl,i,mid,11,-0.017270423,0.102052367,0.020909412,0.021321229,0.166759313,0.032793896,0.099408894,0.126227675,-0.00545742,0.037139417,11,-0.010116418,1,2,"[10,20)",-0.109525897,0.892818695
24,camp,24.226,tedishriver,2009,nw.atl,i,mid,11,-0.141437516,0.115317947,-0.043564674,0.028212739,0.14741329,0.038206343,0.113258286,0.14770001,1.17E-14,0.044332928,11,0.006706342,0.5,2,"[10,20)",-0.557479311,0.56933792
24,camp,24.227,terratorydrive,2008,nw.atl,i,cold,16,-0.019660118,0.064445578,0.030290578,0.013993084,0.102215759,0.027436939,0.183760712,0.053616238,0.022927202,0.020589145,16,-0.003766712,1,3,"[10,20)",-0.139518764,-0.186400473
24,camp,24.228,thymehill,2004,nw.atl,i,cold,16,-0.01161091,0.053469598,-0.000899666,0.013109609,0.129198306,0.019062156,0.195380604,0.068276619,0.023133246,0.023162947,16,-0.002724185,1,3,"[10,20)",-0.105227067,0.264769011
24,camp,24.229,timcampbell,2009,nw.atl,i,cold,11,0.188548587,0.120583478,0.00618559,0.018999428,0.193642096,0.035947125,-0.031633602,0.111040792,0.033888717,0.037200683,11,0.021010194,0.5,2,"[10,20)",0.633000373,1.342320045
24,camp,24.23,boatharbour,2004,nw.atl,i,cold,16,0.000322025,0.072443522,0.028266091,0.013984027,0.120490414,0.0228207,0.202676588,0.062315493,0.016045421,0.023120704,16,-0.00524796,1,3,"[10,20)",-0.054389694,0.119166183
24,camp,24.231,timhorton,2009,nw.atl,i,cold,10,-0.025591846,0.143066696,0.089235659,0.024763279,0.192653922,0.045283581,0.110781037,0.135562669,0.005124397,0.047309414,10,-0.019813137,1,2,"[10,20)",-0.134982673,1.325796996
24,camp,24.232,tommygallant,2004,nw.atl,i,cold,15,-0.139919276,0.085354939,0.014368664,0.011607548,0.134137771,0.019842765,0.190673614,0.071826674,0.032985343,0.023733527,15,0.012291938,0.5,3,"[10,20)",-0.630533618,0.347360764
24,camp,24.233,treatmentplantoutlet,2004,nw.atl,i,mid,15,-0.187814159,0.079378014,0.011830376,0.015217737,0.091688337,0.019673187,0.256651797,0.076843685,0.062647599,0.024817335,15,0.028973289,0.5,3,"[10,20)",-0.827904483,-0.362427278
24,camp,24.234,troutriverpark,2004,nw.atl,i,cold,16,0.051363944,0.06331404,0.003494982,0.013377398,0.125349238,0.019732337,0.220789947,0.069381261,0.02667241,0.023682678,16,-0.001370413,1,3,"[10,20)",0.163062011,0.200409556
24,camp,24.237,waterviewrd,2004,nw.atl,i,mid,16,-0.373426493,0.123618076,0.003299359,0.014943678,0.090616492,0.018685706,0.206506154,0.074511515,0.058409982,0.022810284,16,0.124165917,0.5,3,"[10,20)",-1.646654528,-0.380349372
24,camp,24.238,westriver,2009,nw.atl,i,cold,11,-0.277354269,0.161044346,-0.020662916,0.028193223,0.166909402,0.038747832,0.081550969,0.139323502,-0.001438399,0.046845675,11,0.050990109,0.5,2,"[10,20)",-1.047821576,0.895328301
24,camp,24.239,wetland,2007,nw.atl,i,mid,13,-0.099451184,0.093869133,-0.022832182,0.020488306,0.151539869,0.025764953,0.15398401,0.099438604,-0.014956881,0.031558889,13,0.001079124,0.5,3,"[10,20)",-0.433927261,0.638337578
24,camp,24.24,boatlaunch,2004,nw.atl,i,mid,16,-0.189659,0.082251638,-0.067443835,0.020289984,0.0663612,0.019670142,0.144367896,0.078719381,0.033731294,0.024687158,16,0.029205204,0.5,3,"[10,20)",-0.863757733,-0.785916999
24,camp,24.241,wharf,2004,nw.atl,i,mid,16,-0.082430426,0.05188281,0.004020562,0.015081045,0.089766407,0.018819177,0.243582932,0.074841358,0.060350324,0.024323815,16,0.004102949,0.5,3,"[10,20)",-0.406936424,-0.394563464
24,camp,24.242,wightmanspoint,2009,nw.atl,i,cold,15,-0.087361493,0.089019032,-0.03115589,0.015063188,0.179103674,0.023927382,0.120431522,0.076790621,0.005591314,0.027550861,15,-0.000292358,1,3,"[10,20)",-0.413947327,1.099226154
24,camp,24.243,wilsonpoint,2009,nw.atl,i,mid,11,0.086799587,0.166103602,0.023553707,0.021425669,0.165865868,0.033459164,0.11979107,0.125408367,-0.001402404,0.037457216,11,-0.020056238,1,2,"[10,20)",0.265923953,0.877879589
24,camp,24.25,boggsbrook,2004,nw.atl,i,cold,16,0.020891397,0.076716663,0.025895417,0.013836072,0.115995594,0.022662368,0.207625457,0.061146779,0.018727174,0.022747463,16,-0.005448996,1,3,"[10,20)",0.033241122,0.044009245
24,camp,24.26,breakwater,2004,nw.atl,i,mid,16,0.005140911,0.050817576,0.003299359,0.014943678,0.090616492,0.018685706,0.25718247,0.072962973,0.053168538,0.023941666,16,-0.002555997,1,3,"[10,20)",-0.03386,-0.380349372
24,camp,24.27,breauroad,2004,nw.atl,i,mid,16,-0.192423869,0.092484853,0.005619483,0.014986249,0.089784856,0.018980415,0.269123506,0.073055818,0.049701195,0.024053896,16,0.028473497,0.5,3,"[10,20)",-0.875536787,-0.394254982
24,camp,24.29,brickyard,2008,nw.atl,i,mid,12,0.036939368,0.131769488,0.041893983,0.017848832,0.191749698,0.029177268,0.137994234,0.09776204,-0.016855437,0.033473445,12,-0.015998681,1,2,"[10,20)",0.088954348,1.310677657
24,camp,24.31,bridgein,2007,nw.atl,i,mid,13,-0.465140143,0.201544763,-0.022832182,0.020488306,0.151539869,0.025764953,0.15398401,0.099438604,-0.014956881,0.031558889,13,0.175735061,0.5,3,"[10,20)",-1.843936572,0.638337578
24,camp,24.32,bridgeout,2004,nw.atl,i,mid,16,-0.045670723,0.080944134,0.003299359,0.014943678,0.090616492,0.018685706,0.25718247,0.072962973,0.053168538,0.023941666,16,-0.004466138,1,3,"[10,20)",-0.250330632,-0.380349372
24,camp,24.35,capejohn,2009,nw.atl,i,cold,10,0.090777946,0.160869914,0.090472565,0.025115573,0.195850738,0.045641471,0.1142655,0.138119588,0.000115771,0.046926787,10,-0.017638494,1,2,"[10,20)",0.271109575,1.379250283
24,camp,24.36,capetourmentine,2009,nw.atl,i,cold,15,-0.092916973,0.106199623,-0.022822321,0.013450523,0.158444417,0.020236655,0.110608639,0.075501145,0.02111238,0.026435685,15,-0.002644796,1,3,"[10,20)",-0.436841002,0.753787071
24,camp,24.38,carsonlanding,2007,nw.atl,i,mid,12,-0.164039792,0.110100054,-0.032672277,0.019380922,0.152927328,0.024098401,-0.000303224,0.099956138,0.028215768,0.032405648,12,0.014787031,0.5,2,"[10,20)",-0.660627847,0.661536988
24,camp,24.39,causeway,2009,nw.atl,i,hot,11,-0.168958211,0.180596912,-0.004684618,0.021986533,0.202003477,0.045519144,-0.044297989,0.105671677,0.025244014,0.036794326,11,-0.004068368,1,2,"[10,20)",-0.65676479,1.482128935
24,camp,24.41,causewayeast,2009,nw.atl,i,cold,12,0.059681336,0.120561795,-0.072314673,0.025816796,0.182541311,0.029505378,0.016528239,0.091565835,-0.000456811,0.031694491,12,-0.010973285,1,2,"[10,20)",0.17377396,1.156706158
24,camp,24.42,causewaynorth,2009,nw.atl,i,cold,15,0.127779128,0.094296422,-0.03115589,0.015063188,0.179103674,0.023927382,0.120431522,0.076790621,0.005591314,0.027550861,15,0.00743569,0.5,3,"[10,20)",0.472629437,1.099226154
24,camp,24.43,causewaysouth,2009,nw.atl,i,cold,15,-0.013241167,0.12554148,-0.03115589,0.015063188,0.179103674,0.023927382,0.120431522,0.076790621,0.005591314,0.027550861,15,-0.015585335,1,3,"[10,20)",-0.108503574,1.099226154
24,camp,24.44,cemetary,2009,nw.atl,i,mid,16,0.105899832,0.075657791,-0.027385858,0.012861687,0.154737985,0.01712964,0.103687023,0.062805709,0.018194534,0.020269776,16,0.005490673,0.5,3,"[10,20)",0.395398924,0.691812602
24,camp,24.45,centrepleinair,2009,nw.atl,i,mid,11,-0.039654594,0.166311175,-0.055017093,0.029258839,0.123916108,0.03770597,0.092758358,0.169766752,0.005172602,0.04487225,11,-0.02608692,1,2,"[10,20)",-0.190280512,0.176446491
24,camp,24.46,chaletduhavre,2007,nw.atl,i,mid,12,0.020465361,0.070661057,-0.032672277,0.019380922,0.152927328,0.024098401,-0.000303224,0.099956138,0.028215768,0.032405648,12,-0.004574154,1,2,"[10,20)",0.027512046,0.661536988
24,camp,24.47,chaletsdes2rivieres,2007,nw.atl,i,mid,14,0.037942619,0.085348412,0.003554794,0.015443283,0.135732117,0.020399151,0.107455525,0.089708093,0.062487557,0.026192559,14,-0.005844709,1,3,"[10,20)",0.099070732,0.374019488
24,camp,24.49,cheminarseneau,2009,nw.atl,i,mid,11,0.066289299,0.111470521,-0.058749523,0.029190156,0.127881679,0.037374082,0.08971232,0.165991943,0.011569731,0.044990749,11,-0.008031406,1,2,"[10,20)",0.191929681,0.242753968
24,camp,24.51,cheminbellec,2004,nw.atl,i,mid,16,-0.126148691,0.065056917,0.005619483,0.014986249,0.089784856,0.018980415,0.269123506,0.073055818,0.049701195,0.024053896,16,0.01168109,0.5,3,"[10,20)",-0.593187479,-0.394254982
24,camp,24.52,cheminduclos,2004,nw.atl,i,mid,16,-0.06870585,0.106283535,-0.028772819,0.016062112,0.107252177,0.022402964,0.137038306,0.094198357,0.074835886,0.026208683,16,-0.006575696,1,3,"[10,20)",-0.348466199,-0.102187588
24,camp,24.53,chezleo,2007,nw.atl,i,mid,13,0.028508387,0.107298905,-0.022832182,0.020488306,0.151539869,0.025764953,0.15398401,0.099438604,-0.014956881,0.031558889,13,-0.010700327,1,3,"[10,20)",0.059454292,0.638337578
24,camp,24.54,chghislainsouth,2004,nw.atl,i,mid,16,-0.140477679,0.063028601,0.004020562,0.015081045,0.089766407,0.018819177,0.243582932,0.074841358,0.060350324,0.024323815,16,0.015761374,0.5,3,"[10,20)",-0.654232654,-0.394563464
24,camp,24.55,chiassonoffice,2004,nw.atl,i,mid,13,0.019618842,0.108874759,-0.000495464,0.015764305,0.119711332,0.023068134,0.180777829,0.097967623,0.115390347,0.024357818,13,-0.011468814,1,3,"[10,20)",0.025178329,0.106139317
24,camp,24.56,chrysler,2004,nw.atl,i,mid,16,-0.270418442,0.095303606,-0.028772819,0.016062112,0.107252177,0.022402964,0.137038306,0.094198357,0.074835886,0.026208683,16,0.064043356,0.5,3,"[10,20)",-1.207813732,-0.102187588
24,camp,24.57,clowspoint,2009,nw.atl,i,cold,15,-0.208578991,0.125711249,-0.03115589,0.015063188,0.179103674,0.023927382,0.120431522,0.076790621,0.005591314,0.027550861,15,0.027701877,0.5,3,"[10,20)",-0.913474644,1.099226154
24,camp,24.58,cocagnemarina,2004,nw.atl,i,mid,16,-0.127071004,0.060308707,0.005619483,0.014986249,0.089784856,0.018980415,0.269123506,0.073055818,0.049701195,0.024053896,16,0.0125099,0.5,3,"[10,20)",-0.59711677,-0.394254982
24,camp,24.59,comeaupoint,2009,nw.atl,i,mid,11,-0.00075416,0.114950936,-0.043564674,0.028212739,0.14741329,0.038206343,0.113258286,0.14770001,1.17E-14,0.044332928,11,-0.013213149,1,2,"[10,20)",-0.049940734,0.56933792
24,camp,24.61,coop,2009,nw.atl,i,hot,11,-0.186360293,0.208243612,-0.000266007,0.021450168,0.193323068,0.044352099,-0.023752325,0.103009363,0.033028518,0.035946384,11,-0.008635243,1,2,"[10,20)",-0.719545692,1.336985645
24,camp,24.63,covedellrd,2007,nw.atl,i,mid,16,0.020740058,0.064376843,-0.024303148,0.016402663,0.129242247,0.020787276,0.089946866,0.089679617,0.033416162,0.027454462,16,-0.003714228,1,3,"[10,20)",0.032596379,0.265503739
24,camp,24.64,crescentbeach,2008,nw.atl,i,cold,15,-0.010545219,0.104952858,0.032143525,0.014636025,0.124553241,0.022244422,0.220084884,0.071967333,0.04877571,0.025307187,15,-0.010903901,1,3,"[10,20)",-0.097393794,0.187099858
24,camp,24.66,dohertycreek,2008,nw.atl,i,cold,15,0.063857584,0.062329983,0.030938544,0.014009991,0.12115244,0.021342845,0.223247152,0.068841815,0.040907099,0.024530635,15,0.000192764,0.5,3,"[10,20)",0.209214024,0.130235781
24,camp,24.67,douglasroad,2004,nw.atl,i,cold,16,0.030119287,0.081983163,0.000394244,0.013394217,0.127283042,0.01958891,0.195616708,0.070034875,0.023462107,0.02355599,16,-0.005814068,1,3,"[10,20)",0.072554307,0.232744285
24,camp,24.68,dunnsbeach,2008,nw.atl,i,cold,16,-0.037014684,0.057026614,0.029731402,0.013690597,0.102389631,0.027477427,0.182360689,0.053269839,0.022917446,0.020586881,16,-0.001881948,1,3,"[10,20)",-0.213453679,-0.183493195
24,camp,24.69,eastsidecauseway,2004,nw.atl,i,cold,16,0.066748843,0.091824309,0.025895417,0.013836072,0.115995594,0.022662368,0.207625457,0.061146779,0.018727174,0.022747463,16,-0.003976296,1,3,"[10,20)",0.228605639,0.044009245
24,camp,24.71,ecoparc,2004,nw.atl,i,mid,16,-0.155651191,0.095614358,-0.028772819,0.016062112,0.107252177,0.022402964,0.137038306,0.094198357,0.074835886,0.026208683,16,0.015085188,0.5,3,"[10,20)",-0.718875719,-0.102187588
24,camp,24.72,eden,2008,nw.atl,i,cold,16,0.040206259,0.065614203,0.030441329,0.013881111,0.102670156,0.027254752,0.183820663,0.053134155,0.023196881,0.020434229,16,-0.00268868,1,3,"[10,20)",0.115527403,-0.178802596
24,camp,24.74,eelground,2009,nw.atl,i,mid,11,0.095870141,0.230410621,0.020909412,0.021321229,0.166759313,0.032793896,0.099408894,0.126227675,-0.00545742,0.037139417,11,-0.04389797,1,2,"[10,20)",0.298647483,0.892818695
24,camp,24.75,endofwharfrd,2009,nw.atl,i,mid,15,-0.126454651,0.087803949,-0.022625085,0.013869713,0.162282727,0.021239802,0.105931933,0.079842677,0.017194895,0.027234369,15,0.008281245,0.5,3,"[10,20)",-0.575047009,0.817966644
24,camp,24.79,ferry,2009,nw.atl,i,cold,12,0.145348994,0.10959316,-0.072314673,0.025816796,0.182541311,0.029505378,0.016528239,0.091565835,-0.000456811,0.031694491,12,0.009115669,0.5,2,"[10,20)",0.493284456,1.156706158
24,camp,24.81,fisetbrook,2009,nw.atl,i,hot,12,0.009433477,0.092131055,-0.009808735,0.02033514,0.19406065,0.041074457,-0.007228435,0.095690702,0.016746539,0.034106357,12,-0.008399141,1,2,"[10,20)",-0.013633035,1.349318599
24,camp,24.82,fishmeal,2007,nw.atl,i,mid,16,-0.065824141,4.632502712,-0.004863157,0.014825298,0.112993884,0.018704291,0.174200362,0.07980436,0.061119493,0.023500213,16,-21.45574856,1,3,"[10,20)",-0.336189378,-0.006181715
24,camp,24.83,fishplant,2004,nw.atl,i,mid,16,-0.047041195,0.057048055,0.003299359,0.014943678,0.090616492,0.018685706,0.25718247,0.072962973,0.053168538,0.023941666,16,-0.001041607,1,3,"[10,20)",-0.256169196,-0.380349372
24,camp,24.84,gauvinbeach,2004,nw.atl,i,mid,16,0.006632979,0.075201194,0.005619483,0.014986249,0.089784856,0.018980415,0.269123506,0.073055818,0.049701195,0.024053896,16,-0.005611223,1,3,"[10,20)",-0.027503407,-0.394254982
24,camp,24.85,gazibo,2004,nw.atl,i,mid,16,-0.128913062,0.063755688,0.003299359,0.014943678,0.090616492,0.018685706,0.25718247,0.072962973,0.053168538,0.023941666,16,0.01255379,0.5,3,"[10,20)",-0.604964411,-0.380349372
24,camp,24.86,gilliscove,2004,nw.atl,i,hot,16,-0.090758689,0.0885591,-0.007063076,0.010982832,0.129305526,0.025524383,0.142294538,0.054479804,0.015420887,0.021835819,16,0.000394425,0.5,3,"[10,20)",-0.442416966,0.266561814
24,camp,24.87,gloverpt,2009,nw.atl,i,cold,12,-0.393183079,0.219571135,-0.000449365,0.016417687,0.19673084,0.026646731,0.088745881,0.106114725,-0.009102142,0.034628544,12,0.10638145,0.5,2,"[10,20)",-1.515252416,1.393966283
24,camp,24.88,goguenroad,2007,nw.atl,i,mid,12,0.016355272,0.115963309,-0.032672277,0.019380922,0.152927328,0.024098401,-0.000303224,0.099956138,0.028215768,0.032405648,12,-0.013179994,1,2,"[10,20)",0.012182847,0.661536988
24,camp,24.91,goosepoint,2004,nw.atl,i,mid,16,-0.461668178,0.137085139,-0.007063076,0.010982832,0.129305526,0.025524383,0.142294538,0.054479804,0.015420887,0.021835819,16,0.194345171,0.5,3,"[10,20)",-2.022586806,0.266561814
24,camp,24.92,gordonswharf,2004,nw.atl,i,mid,16,-0.011079472,0.089089074,0.017332956,0.012657502,0.095233756,0.018656261,0.248525632,0.078671747,0.070641147,0.022949993,16,-0.007814108,1,3,"[10,20)",-0.102963004,-0.303145074
24,camp,24.93,gretchenbeach,2009,nw.atl,i,hot,12,0.077483397,0.137706021,-0.009808735,0.02033514,0.19406065,0.041074457,-0.007228435,0.095690702,0.016746539,0.034106357,12,-0.012959271,1,2,"[10,20)",0.240169441,1.349318599
24,camp,24.95,hameltonlane,2009,nw.atl,i,cold,10,-0.23335344,0.189128843,0.089235659,0.024763279,0.192653922,0.045283581,0.110781037,0.135562669,0.005124397,0.047309414,10,0.018684109,0.5,2,"[10,20)",-0.860002209,1.325796996
24,camp,24.96,harbour,2009,nw.atl,i,cold,15,0.132653853,0.111668243,-0.030992055,0.015387941,0.178200959,0.024427449,0.113108439,0.078096936,0.003606864,0.028074137,15,0.005127248,0.5,3,"[10,20)",0.492717777,1.084132047
24,camp,24.97,harbourshorerd,2009,nw.atl,i,mid,11,-0.088177517,0.199898414,-0.043564674,0.028212739,0.14741329,0.038206343,0.113258286,0.14770001,1.17E-14,0.044332928,11,-0.032184101,1,2,"[10,20)",-0.365335017,0.56933792
24,camp,24.99,hillsboroughhospital,2009,nw.atl,i,cold,11,-0.10461513,0.147838924,-0.020662916,0.028193223,0.166909402,0.038747832,0.081550969,0.139323502,-0.001438399,0.046845675,11,-0.010912022,1,2,"[10,20)",-0.424636437,0.895328301